{"cameraMode":{"drawMode":0,"name":"Shaded","section":"Shading Mode"},"sceneLighting":true,"audioPlay":false,"sceneViewState":{"showFog":true,"showMaterialUpdate":false,"showSkybox":true,"showFlares":true,"showImageEffects":true,"showParticleSystems":true},"in2DMode":false,"pivot":{"x":-28.018402099609376,"y":-6.355121612548828,"z":-29.773759841918947},"rotation":{"x":0.3914511203765869,"y":-0.48012927174568179,"z":0.2529046833515167,"w":0.7431561946868897},"size":73.63931274414063,"orthographic":false}