{"cameraMode":{"drawMode":0,"name":"Shaded","section":"Shading Mode"},"sceneLighting":true,"audioPlay":false,"sceneViewState":{"showFog":true,"showMaterialUpdate":false,"showSkybox":true,"showFlares":true,"showImageEffects":true,"showParticleSystems":true},"in2DMode":false,"pivot":{"x":-4.1492486000061039,"y":1.9787551164627076,"z":0.06139256805181503},"rotation":{"x":0.5134509205818176,"y":0.3987845480442047,"z":-0.29186776280403139,"w":0.7015356421470642},"size":8.999263763427735,"orthographic":false}